0	5	3
0	6	92
0	10	7
0	11	35
0	12	69
0	13	99
0	18	91
0	25	20
0	32	71
0	34	26
0	44	62
0	50	32
0	56	53
0	57	23
0	61	45
0	63	82
0	73	2
0	87	0
0	98	11
0	101	55
0	104	53
0	116	48
0	119	52
0	122	35
0	124	4
0	136	68
0	152	12
0	154	26
0	158	59
0	162	84
0	166	59
0	174	48
0	180	69
0	187	59
0	196	63
0	205	29
0	220	96
0	236	16
0	247	83
0	250	14
0	254	17
0	278	44
0	291	83
0	305	38
0	336	16
0	370	95
0	387	71
0	391	24
0	400	19
0	404	29
0	418	39
0	419	36
0	428	73
0	435	38
0	438	71
0	521	85
0	528	80
0	534	41
0	540	78
0	550	16
0	561	94
0	567	91
0	570	53
0	583	3
0	586	84
0	590	55
0	613	20
0	620	68
0	628	64
0	659	23
0	673	9
1	5	7
1	6	21
1	7	58
1	8	28
1	9	37
1	10	64
1	12	46
1	15	37
1	16	2
1	23	16
1	26	58
1	28	94
1	35	68
1	48	50
1	57	76
1	66	24
1	74	95
1	82	97
1	87	25
1	115	44
1	117	70
1	118	26
1	127	23
1	135	22
1	137	62
1	148	24
1	151	1
1	152	8
1	155	6
1	159	68
1	160	47
1	176	20
1	181	78
1	182	86
1	221	26
1	231	10
1	234	65
1	242	40
1	256	81
1	270	59
1	294	7
1	297	34
1	304	8
1	307	63
1	315	54
1	317	88
1	331	42
1	338	53
1	340	86
1	341	68
1	358	11
1	370	93
1	380	0
1	390	80
1	401	32
1	428	99
1	431	79
1	440	45
1	460	92
1	472	61
1	479	69
1	486	83
1	495	74
1	517	81
1	532	41
1	553	71
1	554	75
1	564	36
1	573	36
1	603	11
1	636	12
1	667	58
1	674	9
1	677	92
2	5	18
2	14	62
2	71	61
2	108	7
2	391	94
2	460	94
2	559	94
3	5	26
3	6	74
3	7	35
3	13	88
3	14	76
3	15	92
3	19	33
3	22	30
3	24	21
3	27	67
3	29	52
3	31	46
3	33	49
3	39	21
3	46	38
3	59	77
3	71	6
3	75	41
3	86	73
3	87	12
3	89	18
3	94	54
3	96	41
3	97	39
3	104	88
3	122	78
3	124	54
3	135	3
3	146	53
3	168	37
3	174	3
3	192	27
3	210	68
3	218	28
3	233	82
3	242	16
3	258	89
3	278	21
3	284	98
3	286	81
3	288	60
3	308	72
3	322	76
3	323	96
3	334	77
3	350	81
3	360	70
3	363	78
3	368	29
3	376	67
3	377	59
3	391	32
3	399	63
3	407	87
3	410	34
3	432	10
3	434	33
3	436	11
3	453	59
3	467	81
3	474	62
3	490	28
3	493	31
3	499	28
3	507	44
3	508	97
3	547	63
3	551	73
3	557	76
3	567	9
3	580	41
3	587	2
3	591	84
3	599	74
3	607	8
3	610	30
3	617	78
3	624	12
3	632	76
3	670	15
3	681	74
3	682	15
3	699	79
4	5	35
4	6	15
4	7	96
4	8	87
4	9	42
4	12	94
4	19	59
4	21	20
4	23	4
4	29	0
4	33	25
4	38	63
4	39	7
4	41	1
4	46	26
4	57	90
4	58	27
4	59	71
4	61	96
4	62	27
4	64	76
4	90	31
4	92	57
4	96	20
4	105	31
4	109	9
4	118	80
4	126	1
4	152	26
4	153	70
4	165	89
4	170	89
4	171	0
4	173	78
4	178	28
4	181	28
4	198	42
4	204	78
4	236	47
4	239	69
4	264	43
4	272	44
4	275	55
4	290	88
4	314	48
4	317	47
4	326	17
4	331	85
4	356	35
4	389	95
4	397	98
4	408	38
4	436	96
4	442	11
4	464	65
4	471	0
4	492	74
4	493	92
4	497	98
4	505	5
4	511	60
4	518	8
4	521	39
4	523	31
4	544	49
4	548	8
4	585	37
4	601	32
4	613	57
4	638	84
4	640	9
4	651	97
4	657	30
4	668	8
4	673	32
4	689	51
4	696	41
5	6	7
5	7	41
5	8	1
5	9	4
5	10	55
5	11	6
5	13	63
5	15	75
5	17	87
5	18	25
5	23	95
5	29	33
5	32	24
5	34	47
5	36	20
5	39	90
5	46	76
5	54	85
5	55	31
5	56	56
5	63	50
5	65	64
5	70	57
5	79	8
5	88	46
5	89	48
5	93	33
5	106	1
5	111	94
5	112	59
5	128	23
5	138	36
5	139	73
5	143	42
5	146	89
5	153	60
5	156	95
5	162	57
5	163	55
5	166	50
5	175	31
5	180	1
5	192	38
5	204	97
5	225	49
5	237	59
5	239	86
5	243	91
5	261	16
5	271	77
5	281	4
5	283	90
5	305	63
5	318	6
5	328	79
5	355	60
5	374	38
5	377	32
5	387	39
5	402	88
5	407	74
5	421	22
5	424	87
5	426	28
5	430	17
5	435	57
5	458	22
5	460	73
5	464	42
5	471	4
5	473	60
5	478	52
5	481	30
5	497	40
5	499	96
5	520	1
5	535	26
5	537	90
5	538	43
5	542	0
5	550	40
5	574	23
5	596	43
5	607	1
5	616	10
5	620	91
5	636	36
5	637	41
5	646	6
5	648	99
5	651	22
5	678	28
5	697	65
6	7	29
6	8	80
6	9	18
6	14	80
6	15	41
6	16	63
6	18	42
6	20	62
6	24	40
6	29	87
6	31	6
6	35	11
6	36	84
6	40	33
6	43	84
6	45	36
6	47	62
6	53	4
6	55	28
6	60	15
6	62	39
6	66	40
6	68	32
6	69	40
6	81	56
6	84	70
6	89	66
6	94	8
6	100	19
6	103	30
6	106	32
6	125	80
6	129	19
6	131	47
6	140	48
6	145	100
6	149	34
6	160	75
6	166	58
6	169	7
6	173	86
6	177	20
6	178	82
6	188	68
6	189	89
6	191	13
6	193	65
6	196	80
6	200	28
6	206	22
6	215	74
6	216	6
6	217	64
6	232	27
6	263	57
6	270	68
6	285	89
6	286	32
6	293	75
6	300	35
6	307	92
6	328	90
6	339	45
6	341	75
6	344	28
6	349	41
6	351	61
6	352	20
6	359	31
6	361	73
6	366	6
6	385	66
6	388	76
6	398	76
6	400	26
6	431	51
6	447	64
6	462	80
6	468	14
6	478	94
6	497	7
6	498	11
6	507	95
6	545	38
6	553	14
6	569	28
6	571	15
6	589	40
6	596	65
6	606	85
6	608	97
6	615	92
6	621	27
6	627	63
6	656	92
6	658	30
6	659	5
6	669	25
6	674	87
6	677	60
6	687	85
7	8	68
7	9	32
7	10	80
7	11	78
7	14	15
7	15	87
7	16	86
7	17	71
7	18	97
7	20	44
7	24	21
7	26	23
7	28	29
7	36	5
7	38	35
7	41	81
7	48	95
7	58	16
7	61	89
7	63	83
7	64	98
7	67	30
7	68	58
7	73	46
7	75	95
7	76	95
7	80	49
7	85	38
7	92	31
7	93	88
7	103	57
7	104	10
7	107	35
7	110	85
7	121	19
7	125	84
7	129	63
7	130	63
7	133	33
7	141	90
7	148	45
7	151	24
7	179	60
7	183	31
7	189	79
7	194	93
7	195	48
7	206	89
7	209	16
7	214	22
7	221	93
7	228	32
7	229	31
7	230	38
7	242	79
7	245	62
7	248	38
7	252	83
7	257	47
7	266	7
7	276	45
7	279	69
7	288	95
7	293	77
7	299	86
7	302	76
7	307	27
7	313	54
7	343	80
7	353	29
7	361	91
7	368	96
7	371	6
7	372	46
7	383	52
7	406	82
7	412	39
7	414	20
7	415	15
7	419	68
7	422	84
7	437	35
7	447	73
7	462	48
7	463	6
7	464	84
7	465	62
7	468	29
7	499	63
7	505	56
7	510	87
7	523	42
7	531	39
7	539	88
7	543	38
7	557	95
7	594	97
7	596	20
7	599	6
7	601	26
7	620	99
7	625	80
7	660	92
7	669	74
7	676	7
7	679	37
7	686	83
7	692	23
7	697	26
8	10	91
8	11	12
8	13	85
8	17	14
8	19	6
8	20	40
8	21	72
8	22	59
8	23	19
8	25	26
8	27	90
8	28	70
8	35	71
8	43	22
8	45	1
8	48	15
8	52	86
8	54	47
8	58	79
8	74	56
8	76	1
8	94	11
8	99	92
8	130	84
8	141	75
8	142	54
8	144	97
8	156	44
8	170	15
8	175	70
8	178	14
8	179	39
8	186	38
8	187	65
8	195	72
8	223	74
8	231	62
8	237	77
8	241	78
8	247	30
8	252	85
8	255	4
8	261	49
8	263	39
8	264	92
8	269	1
8	315	34
8	317	91
8	363	94
8	364	97
8	365	93
8	366	90
8	386	84
8	388	77
8	393	72
8	396	92
8	408	8
8	414	27
8	433	59
8	436	40
8	448	39
8	468	2
8	470	29
8	508	95
8	519	95
8	566	56
8	598	83
8	606	97
8	619	72
8	691	100
9	11	11
9	12	7
9	16	3
9	17	60
9	18	10
9	19	75
9	21	95
9	26	23
9	27	37
9	30	71
9	39	28
9	40	50
9	42	39
9	47	58
9	56	47
9	57	53
9	66	61
9	69	84
9	70	76
9	72	100
9	78	94
9	81	14
9	84	89
9	89	24
9	90	31
9	93	48
9	101	18
9	106	54
9	113	21
9	114	64
9	115	93
9	128	27
9	129	72
9	132	70
9	136	95
9	166	57
9	167	88
9	207	68
9	211	72
9	231	46
9	233	21
9	257	52
9	310	84
9	312	79
9	316	69
9	326	89
9	344	46
9	347	70
9	349	36
9	357	34
9	374	3
9	387	13
9	398	54
9	413	27
9	421	33
9	427	38
9	431	95
9	441	66
9	450	15
9	464	92
9	469	95
9	473	11
9	482	24
9	502	32
9	569	28
9	579	72
9	583	91
9	628	32
9	631	6
9	648	81
9	650	21
9	653	89
9	668	19
9	669	86
9	678	17
9	681	60
10	12	67
10	31	57
10	32	68
10	42	63
10	43	71
10	44	88
10	49	89
10	52	65
10	58	41
10	67	58
10	128	3
10	140	94
10	147	75
10	185	54
10	186	31
10	208	62
10	239	54
10	256	45
10	260	100
10	266	71
10	270	46
10	320	22
10	330	83
10	334	85
10	355	67
10	358	20
10	380	30
10	385	17
10	390	75
10	414	48
10	424	27
10	428	62
10	501	26
10	519	82
10	538	72
10	561	99
10	635	26
10	691	69
11	13	22
11	16	57
11	21	46
11	22	13
11	28	5
11	37	15
11	51	28
11	52	34
11	67	84
11	77	15
11	82	35
11	85	63
11	93	80
11	99	34
11	100	68
11	111	100
11	136	20
11	140	84
11	150	43
11	151	91
11	163	58
11	193	51
11	194	21
11	206	100
11	209	98
11	211	52
11	212	3
11	227	34
11	230	80
11	281	46
11	287	55
11	291	80
11	295	46
11	309	30
11	357	71
11	371	8
11	382	40
11	388	40
11	406	40
11	409	28
11	433	73
11	441	79
11	454	45
11	467	70
11	487	50
11	528	63
11	544	37
11	569	17
11	581	65
11	583	40
11	585	59
11	648	94
11	696	57
12	35	19
12	194	20
12	232	0
12	251	58
12	356	72
12	408	35
12	512	33
12	527	4
13	25	60
13	29	34
13	30	99
13	31	43
13	37	97
13	40	60
13	50	99
13	60	73
13	65	82
13	81	21
13	88	79
13	90	90
13	107	12
13	111	6
13	124	12
13	132	6
13	134	95
13	139	86
13	142	59
13	143	17
13	151	26
13	179	47
13	182	40
13	185	92
13	197	53
13	205	89
13	214	71
13	238	32
13	243	37
13	250	67
13	264	90
13	266	54
13	268	50
13	289	25
13	303	18
13	310	86
13	327	56
13	332	58
13	339	65
13	354	91
13	356	2
13	362	46
13	378	92
13	395	85
13	417	37
13	428	5
13	429	96
13	430	24
13	434	12
13	436	68
13	514	47
13	526	40
13	555	39
13	587	57
13	631	5
13	647	80
13	677	88
13	685	16
14	19	32
14	20	100
14	24	12
14	28	96
14	32	79
14	33	100
14	41	99
14	45	6
14	50	19
14	54	21
14	61	9
14	71	77
14	73	99
14	85	18
14	86	36
14	98	64
14	99	27
14	110	25
14	119	99
14	126	79
14	132	42
14	138	73
14	155	73
14	156	14
14	158	99
14	163	44
14	183	43
14	197	87
14	208	52
14	213	91
14	217	64
14	249	76
14	280	45
14	283	90
14	290	58
14	306	39
14	311	68
14	336	99
14	341	73
14	348	79
14	369	68
14	379	68
14	384	35
14	403	49
14	441	97
14	460	69
14	466	5
14	469	27
14	487	26
14	493	39
14	540	11
14	544	32
14	549	26
14	552	43
14	553	84
14	561	82
14	563	25
14	566	40
14	573	49
14	629	26
14	634	98
14	638	50
14	670	98
14	679	63
15	17	86
15	25	90
15	30	96
15	33	59
15	36	43
15	37	70
15	41	8
15	46	19
15	49	72
15	53	3
15	55	32
15	62	73
15	66	45
15	91	6
15	108	36
15	109	26
15	111	55
15	160	38
15	171	6
15	173	6
15	201	32
15	213	31
15	216	41
15	259	80
15	272	46
15	277	72
15	344	95
15	402	38
15	426	64
15	430	70
15	484	8
15	487	20
15	490	23
15	492	8
15	494	96
15	503	47
15	561	42
15	663	3
15	692	81
15	696	54
16	21	76
16	24	20
16	26	19
16	32	29
16	44	14
16	60	77
16	80	36
16	82	5
16	97	7
16	113	97
16	115	48
16	117	4
16	129	34
16	135	83
16	181	53
16	223	13
16	233	13
16	246	99
16	273	48
16	299	71
16	312	28
16	314	34
16	333	83
16	364	92
16	423	73
16	454	23
16	469	27
16	482	94
16	485	84
16	490	46
16	497	91
16	510	71
16	532	12
16	560	36
16	576	98
16	577	69
16	585	82
16	671	61
17	36	68
17	50	16
17	86	74
17	95	51
17	97	69
17	137	2
17	138	25
17	161	81
17	180	71
17	202	19
17	218	29
17	235	99
17	253	76
17	365	9
17	473	98
17	481	98
17	516	70
17	580	8
17	595	41
17	622	52
17	637	44
17	697	10
17	699	31
18	20	45
18	30	84
18	34	3
18	46	21
18	53	43
18	82	85
18	169	43
18	191	48
18	202	10
18	213	72
18	228	52
18	229	24
18	232	23
18	235	87
18	287	72
18	318	48
18	346	36
18	372	92
18	378	4
18	400	23
18	509	75
18	528	46
18	550	7
18	570	19
18	616	91
18	630	47
18	681	94
19	22	25
19	27	58
19	38	69
19	45	73
19	72	99
19	172	44
19	175	82
19	186	53
19	207	56
19	224	100
19	373	38
19	383	12
19	384	76
19	389	2
19	418	8
19	475	74
19	476	47
19	502	81
19	521	91
19	585	21
19	589	47
19	591	70
19	594	73
19	685	36
20	42	94
20	59	58
20	60	60
20	80	69
20	98	60
20	160	64
20	217	99
20	252	16
20	294	33
20	328	89
20	396	65
20	563	6
20	697	10
21	22	89
21	27	71
21	38	97
21	67	86
21	79	55
21	95	48
21	109	67
21	113	64
21	114	67
21	163	77
21	184	61
21	188	0
21	277	15
21	313	67
21	393	7
21	436	50
21	467	41
21	563	0
21	622	95
22	23	62
22	69	97
22	87	90
22	109	80
22	119	16
22	123	84
22	148	1
22	150	32
22	164	90
22	168	69
22	186	54
22	194	18
22	199	8
22	230	98
22	265	19
22	533	61
22	610	56
22	617	90
22	618	45
22	672	62
23	25	20
23	33	90
23	34	59
23	35	66
23	37	96
23	57	96
23	66	90
23	68	2
23	83	67
23	116	94
23	155	31
23	180	89
23	190	62
23	222	0
23	240	28
23	303	76
23	306	73
23	329	13
23	387	7
23	413	15
23	442	4
23	457	56
23	539	3
23	563	1
23	605	60
23	676	14
24	138	20
24	240	23
24	299	1
24	309	55
24	372	48
24	478	65
24	538	61
24	683	9
25	26	26
25	31	33
25	34	0
25	65	75
25	81	21
25	95	72
25	99	63
25	110	52
25	118	97
25	128	78
25	271	28
25	501	43
25	514	31
25	537	62
25	680	23
25	695	46
26	48	82
26	78	24
26	92	29
26	225	13
26	503	51
26	578	2
26	680	14
27	50	33
27	89	21
27	90	90
27	100	35
27	109	25
27	155	81
27	240	44
27	248	9
27	525	25
27	640	90
28	30	78
28	74	5
28	83	3
28	114	50
28	122	37
28	181	35
28	237	54
28	249	14
28	291	24
28	469	13
28	604	20
28	630	33
29	39	57
29	43	85
29	44	95
29	75	62
29	79	7
29	112	31
29	125	83
29	133	98
29	141	41
29	147	18
29	194	80
29	325	10
29	329	50
29	332	18
29	422	44
29	449	18
29	511	99
29	687	52
30	51	91
30	117	34
30	155	63
30	257	51
30	503	61
30	523	93
31	51	93
31	77	37
31	84	97
31	95	7
31	103	41
31	113	45
31	122	96
31	193	71
31	396	11
31	401	44
31	615	63
32	42	36
32	47	3
32	52	87
32	70	40
32	79	82
32	81	44
32	88	89
32	99	47
32	102	5
32	112	55
32	120	69
32	170	70
32	297	70
32	320	1
32	358	66
32	371	83
32	402	24
32	457	57
32	474	60
32	500	37
32	582	84
32	619	66
32	634	64
32	643	6
33	40	10
33	47	100
33	49	50
33	53	4
33	54	15
33	56	71
33	64	23
33	65	45
33	78	32
33	83	91
33	96	25
33	125	20
33	133	1
33	165	58
33	168	83
33	174	29
33	254	6
33	302	53
33	312	13
33	319	43
33	412	99
33	542	20
33	565	22
33	571	10
33	601	76
33	627	64
33	629	90
33	664	28
33	668	94
33	689	50
34	37	51
34	40	35
34	51	50
34	64	93
34	70	85
34	90	59
34	91	82
34	100	75
34	101	52
34	107	75
34	157	77
34	162	27
34	165	47
34	170	64
34	184	83
34	186	35
34	190	83
34	222	87
34	233	26
34	247	49
34	250	84
34	251	46
34	260	51
34	276	76
34	300	50
34	301	73
34	304	60
34	325	58
34	326	50
34	337	79
34	354	3
34	370	41
34	373	69
34	378	23
34	392	73
34	402	43
34	407	7
34	444	10
34	459	97
34	477	35
34	485	14
34	491	39
34	495	13
34	498	95
34	509	0
34	549	62
34	571	67
34	607	7
34	617	51
34	661	66
34	665	30
34	671	66
34	690	75
35	72	58
35	158	27
35	175	73
35	177	88
35	232	15
35	338	21
35	380	70
35	457	62
35	461	69
35	495	20
35	659	15
36	41	79
36	59	35
36	62	60
36	76	13
36	83	41
36	91	62
36	96	83
36	98	86
36	120	75
36	133	46
36	146	66
36	153	73
36	159	50
36	192	63
36	210	96
36	243	39
36	305	12
36	345	47
36	351	22
36	399	0
36	440	60
36	477	3
36	493	12
36	676	42
36	694	88
37	42	63
37	53	94
37	64	17
37	69	89
37	105	9
37	106	91
37	112	5
37	128	54
37	131	8
37	132	95
37	135	88
37	138	39
37	154	41
37	172	31
37	182	11
37	185	47
37	190	51
37	198	72
37	241	100
37	250	26
37	274	22
37	320	75
37	332	3
37	344	27
37	381	87
37	484	39
37	491	10
37	565	13
37	574	76
37	576	47
37	609	88
37	611	63
37	629	92
37	651	23
37	652	17
37	663	28
37	674	83
37	675	62
37	690	30
38	67	44
38	104	8
38	116	72
38	124	21
38	130	49
38	161	86
38	165	70
38	211	7
38	219	14
38	248	75
38	386	40
38	451	25
38	505	86
38	532	23
38	535	74
38	568	39
39	48	90
39	51	19
39	61	34
39	74	56
39	75	36
39	76	87
39	78	75
39	93	54
39	112	81
39	121	33
39	123	85
39	144	21
39	147	25
39	159	88
39	192	14
39	208	22
39	210	95
39	220	28
39	223	84
39	236	12
39	253	67
39	271	7
39	275	82
39	322	34
39	343	72
39	348	99
39	350	74
39	370	22
39	408	55
39	425	60
39	471	92
39	508	87
39	511	88
39	605	48
40	45	93
40	49	50
40	52	6
40	76	98
40	85	75
40	116	29
40	120	31
40	131	75
40	162	73
40	218	94
40	301	39
40	308	58
40	403	82
40	481	16
40	494	3
40	584	48
40	587	30
40	598	42
40	608	47
40	655	75
41	62	24
41	118	95
41	126	33
41	197	49
41	475	47
42	43	24
42	47	57
42	56	15
42	65	32
42	80	82
42	105	26
42	126	7
42	129	52
42	140	84
42	145	63
42	175	2
42	182	35
42	203	49
42	219	90
42	226	47
42	228	3
42	234	1
42	274	92
42	276	23
42	277	45
42	279	26
42	280	81
42	298	2
42	321	46
42	345	76
42	402	13
42	413	33
42	466	53
42	588	54
42	687	2
42	688	4
42	691	18
43	44	38
43	58	77
43	59	13
43	105	20
43	120	56
43	141	35
43	147	98
43	226	9
43	231	5
43	257	93
43	262	7
43	321	51
43	385	54
43	409	52
43	506	20
43	509	0
43	578	43
43	603	4
43	691	23
44	49	59
44	75	32
44	377	69
44	450	55
44	588	53
44	641	70
45	55	58
45	94	14
45	140	38
45	190	5
45	195	98
45	269	28
45	283	37
45	354	21
45	379	81
45	432	50
46	63	10
46	92	50
46	119	2
46	130	52
46	163	38
46	171	30
46	173	68
46	205	47
46	209	91
46	222	39
46	224	56
46	287	45
46	299	7
46	307	68
46	321	90
46	324	13
46	328	94
46	334	30
46	353	21
46	394	37
46	404	95
46	415	2
46	446	41
46	493	54
46	521	22
46	630	9
46	693	7
47	80	44
47	117	40
47	133	78
47	142	50
47	144	84
47	203	83
47	302	71
47	320	41
47	330	100
47	393	20
47	410	71
47	419	81
47	466	85
47	485	47
47	530	50
47	575	70
47	578	90
48	55	23
48	60	36
48	102	38
48	137	50
48	179	88
48	183	20
48	185	49
48	209	75
48	250	40
48	278	86
48	283	69
48	293	5
48	414	87
48	510	32
48	680	10
49	69	91
49	72	94
49	218	31
49	260	4
49	315	6
49	450	20
49	516	26
49	672	81
50	71	14
50	240	99
50	271	8
50	294	6
50	322	91
50	657	37
51	73	43
51	141	13
51	262	33
51	279	9
51	300	52
51	544	40
51	655	80
52	77	42
52	88	82
52	123	82
52	164	40
52	204	83
52	220	12
52	231	95
52	342	43
52	470	42
52	560	76
52	591	2
52	664	51
53	54	95
53	78	54
53	79	79
53	82	22
53	102	69
53	106	75
53	159	92
53	171	73
53	412	0
53	479	52
53	482	15
53	504	35
53	579	83
53	664	100
55	68	62
55	103	92
55	119	99
55	137	66
55	149	93
55	327	9
55	364	89
55	393	73
55	465	20
55	562	90
55	592	4
56	88	18
56	91	42
56	187	5
56	191	31
56	366	42
56	438	99
56	550	94
57	77	87
57	115	22
57	117	58
57	151	72
57	220	37
57	338	26
58	110	89
58	275	64
58	363	89
58	454	84
58	624	18
59	147	34
59	522	48
60	339	13
61	63	83
61	86	2
61	134	15
61	280	51
61	311	51
63	68	75
63	108	38
63	132	99
63	227	13
63	550	79
63	596	5
63	647	80
64	84	46
64	198	67
64	244	22
64	254	49
64	443	83
64	525	32
64	565	77
65	71	63
65	212	9
65	238	1
65	241	40
65	259	84
65	271	26
65	289	94
65	366	20
65	399	58
65	448	27
65	517	28
66	70	65
66	74	72
66	84	9
66	102	2
66	121	66
66	145	98
66	152	18
66	169	45
66	197	11
66	201	93
66	204	24
66	214	32
66	215	52
66	244	91
66	263	86
66	289	52
66	294	32
66	310	65
66	328	58
66	339	57
66	341	55
66	361	49
66	369	37
66	398	12
66	411	94
66	415	57
66	426	68
66	492	54
66	559	98
66	568	51
66	603	92
66	623	56
66	627	13
66	684	61
66	688	75
67	86	25
67	101	59
67	136	36
67	154	64
67	188	52
67	196	3
67	200	4
67	219	73
67	225	100
67	239	45
67	253	9
67	277	25
67	294	43
67	298	9
67	309	4
67	340	68
67	358	31
67	505	18
67	621	36
67	652	76
68	96	98
68	331	65
68	488	34
68	525	30
69	72	93
69	125	72
69	148	68
69	153	79
69	316	88
69	502	24
69	606	95
69	652	46
70	102	30
70	104	44
70	172	44
70	190	84
70	318	59
70	324	78
70	437	62
70	489	48
70	527	2
70	590	29
71	91	16
71	95	86
71	105	32
71	167	41
71	214	1
71	255	12
71	355	58
71	371	9
71	391	12
71	476	11
71	482	83
71	498	68
71	505	3
71	549	84
71	666	41
72	73	54
72	158	92
72	236	17
72	248	17
72	416	62
73	101	45
73	127	90
73	144	37
73	221	97
73	254	45
73	360	83
73	427	62
73	609	60
73	666	56
74	77	21
74	83	90
74	97	11
74	100	58
74	121	79
74	126	26
74	152	30
74	204	75
74	223	61
74	246	6
74	252	40
74	288	26
74	350	43
74	359	41
74	541	62
74	618	69
74	623	2
75	143	10
75	242	67
75	424	48
76	85	76
76	114	32
76	123	2
76	160	94
76	184	26
76	201	64
76	202	82
76	207	14
76	236	0
76	261	4
76	267	86
76	269	94
76	275	96
76	288	86
76	335	42
76	344	6
76	359	5
76	397	4
76	528	87
76	556	68
76	589	24
76	628	33
76	632	32
76	660	43
76	686	69
77	433	33
77	563	86
78	161	57
78	238	93
78	489	26
78	646	14
78	690	88
79	229	49
79	281	46
79	383	60
79	411	6
79	512	99
79	638	90
80	94	48
80	127	46
80	157	15
80	174	98
80	245	6
80	324	48
80	326	9
80	334	13
80	485	20
80	524	99
80	556	73
81	127	31
81	145	64
81	238	57
81	246	73
81	338	20
81	362	95
81	397	28
81	446	52
81	619	23
81	685	45
82	87	73
82	127	58
82	143	75
82	220	7
82	390	58
82	412	23
82	662	63
83	97	93
83	110	58
83	121	80
83	137	10
83	142	37
83	144	55
83	176	20
83	202	78
83	251	31
83	263	89
83	337	4
83	367	60
83	529	46
84	131	34
84	193	90
84	212	34
84	258	32
84	382	94
84	642	9
84	645	39
85	98	60
85	149	48
85	150	20
85	161	18
85	183	98
85	284	79
85	311	91
85	350	7
85	384	84
85	403	28
85	420	44
85	576	20
85	582	43
85	605	47
85	653	30
85	688	79
85	697	34
86	136	7
86	146	79
86	172	10
86	177	99
86	318	29
86	342	74
86	365	83
86	495	83
86	509	2
87	218	30
87	485	11
88	92	56
88	123	14
88	191	15
88	335	61
88	503	32
88	586	100
89	464	51
89	669	19
90	108	96
90	157	10
90	182	47
90	188	19
90	265	85
90	302	45
90	314	21
90	433	85
90	456	1
90	658	73
91	162	81
91	215	32
91	520	91
91	560	83
92	114	65
93	161	95
94	359	43
94	566	83
94	625	99
95	103	42
95	167	99
95	206	11
95	530	6
96	196	13
96	226	60
96	345	79
96	610	29
97	176	8
97	198	57
97	199	69
97	247	28
97	417	11
98	150	96
98	203	57
98	216	81
98	224	96
98	282	36
98	336	19
98	347	60
98	435	22
98	515	54
98	534	100
98	559	79
99	139	94
99	290	19
99	292	87
99	330	66
99	369	60
99	371	6
99	374	89
99	455	22
99	479	63
99	483	100
99	500	90
99	519	65
99	526	9
99	600	78
99	665	58
99	667	0
100	170	44
100	199	45
100	244	28
100	248	69
100	268	25
100	335	87
100	486	48
100	530	86
100	555	5
100	558	5
100	589	72
100	640	69
101	107	77
101	154	25
101	280	70
101	286	55
101	322	46
101	410	39
101	477	62
101	524	8
101	553	27
101	683	57
102	120	74
102	258	24
102	282	67
102	394	38
102	409	74
102	590	42
102	680	25
103	219	11
103	222	66
103	230	48
103	386	68
103	395	51
103	512	17
103	559	22
103	624	29
104	107	92
104	111	97
104	116	54
104	134	10
104	146	32
104	164	89
104	166	32
104	181	78
104	200	67
104	245	97
104	262	41
104	280	43
104	296	55
104	324	66
104	364	78
104	367	12
104	386	55
104	411	53
104	415	99
104	440	43
104	462	58
104	513	80
104	537	50
104	572	63
104	577	88
104	593	36
104	597	45
104	609	72
104	654	64
104	655	13
104	674	51
104	682	91
105	135	91
105	198	73
105	228	10
105	255	8
105	333	52
105	401	51
105	429	56
106	115	47
106	169	60
106	274	52
106	321	25
106	340	83
106	442	8
106	541	5
106	555	24
106	612	71
106	633	24
106	650	97
106	679	60
107	108	57
107	134	72
107	149	44
107	157	49
107	183	65
107	222	68
107	242	20
107	272	11
107	286	14
107	296	89
107	315	82
107	362	30
107	455	0
107	458	52
108	113	83
108	244	66
108	266	72
108	268	76
108	277	71
108	290	12
108	300	99
108	360	20
108	429	4
108	456	20
108	460	84
108	489	44
108	508	91
108	564	77
108	607	19
108	667	93
108	689	22
109	492	55
110	191	98
110	265	48
110	439	31
110	635	86
111	122	82
111	311	13
112	164	18
112	330	24
112	409	94
112	417	91
112	636	34
113	189	80
113	396	40
113	421	78
113	450	36
113	487	10
113	564	4
113	581	90
113	604	20
113	607	13
114	118	0
114	266	65
114	333	11
114	368	10
114	628	69
114	694	62
115	297	16
115	463	18
115	524	39
116	124	59
116	134	15
116	165	95
116	221	8
116	249	55
116	265	30
116	308	14
116	309	59
116	375	10
116	416	53
116	465	97
116	625	99
116	642	8
116	659	25
117	257	94
117	327	8
117	352	34
117	390	89
117	441	38
118	176	79
118	435	87
118	461	77
118	548	3
119	274	6
119	279	91
119	611	13
119	612	2
120	226	39
120	251	10
120	421	10
120	506	89
120	575	10
120	611	82
121	310	79
122	158	20
122	258	78
122	626	3
123	142	85
123	501	9
123	610	5
124	206	58
124	210	95
126	623	62
127	238	43
127	285	82
127	306	80
127	488	29
127	568	36
128	130	69
128	139	22
128	150	89
128	178	32
128	208	80
128	375	95
128	385	11
128	411	50
128	439	21
128	474	2
128	483	5
128	516	92
128	529	5
128	571	100
129	276	85
129	349	35
129	351	15
129	380	28
129	482	75
129	581	79
130	131	23
130	157	6
130	168	17
130	189	13
130	207	60
130	211	59
130	255	53
130	256	29
130	261	9
130	297	59
130	372	15
130	392	90
130	459	11
130	496	50
130	529	35
130	531	96
130	540	15
130	693	11
131	148	21
131	176	77
131	177	2
131	199	57
131	241	100
131	284	100
131	425	95
131	478	46
131	606	75
131	655	20
132	139	98
132	483	44
132	518	69
132	552	81
132	609	55
133	156	36
133	180	89
133	273	42
133	291	79
133	343	51
133	394	3
133	404	62
133	410	90
133	443	33
133	641	66
134	145	71
134	221	46
134	234	43
134	612	24
134	623	1
135	269	52
135	322	21
135	333	5
135	518	4
135	576	43
135	597	20
135	615	72
135	621	79
135	680	14
136	167	92
136	195	46
136	203	11
136	237	52
136	260	84
136	278	25
136	353	61
136	384	97
136	401	74
136	405	46
136	560	72
137	169	73
137	189	38
137	283	96
137	331	9
137	332	36
137	340	18
137	391	71
137	465	65
137	471	18
137	496	90
137	600	56
137	640	87
138	173	55
138	217	64
138	538	25
138	586	80
139	474	8
139	476	56
139	483	34
139	526	44
139	600	81
139	657	74
139	679	25
140	179	33
140	184	97
140	185	3
140	303	27
140	306	88
140	345	33
140	429	66
140	472	83
140	484	33
140	547	76
140	562	89
140	584	37
140	616	8
141	156	4
141	178	82
141	196	42
141	323	26
141	343	74
142	143	36
142	480	24
142	546	0
142	582	31
142	663	52
143	285	17
143	316	90
143	463	23
143	501	93
143	558	83
144	174	34
144	210	81
144	325	10
144	340	83
144	408	89
144	575	62
145	228	77
145	263	24
145	438	53
145	486	1
145	662	20
146	193	94
146	249	47
146	303	9
146	351	64
146	425	90
146	453	35
146	599	23
146	615	43
147	172	41
147	360	38
147	409	35
147	528	39
147	580	20
148	149	76
148	159	26
148	346	69
149	284	93
149	286	0
149	357	34
149	406	55
150	164	98
150	200	69
150	230	16
150	246	49
150	262	95
150	268	59
150	282	12
150	323	24
150	423	38
150	446	50
150	515	71
150	626	92
150	654	81
151	177	42
151	390	50
151	556	12
152	187	47
152	207	74
152	431	27
152	441	49
152	537	16
152	623	17
153	213	28
154	255	18
154	491	37
154	510	99
154	520	54
154	637	98
155	225	98
155	304	28
155	375	56
155	461	83
156	273	95
156	316	18
156	593	58
157	251	85
157	514	11
157	529	25
157	540	68
157	589	56
157	646	94
158	305	96
158	568	84
159	304	70
159	495	72
160	201	35
160	252	78
160	253	48
160	256	24
160	359	80
160	434	6
160	547	28
160	603	99
161	184	29
161	211	50
161	212	77
161	235	16
161	299	48
161	346	35
161	451	19
162	265	79
162	407	93
162	644	2
163	205	67
163	208	63
163	227	12
163	229	51
163	264	48
163	326	6
163	349	74
163	352	100
163	379	42
163	423	7
163	445	2
163	542	90
163	592	39
163	622	30
163	627	79
163	653	81
163	671	29
163	688	22
163	692	18
164	167	72
164	168	60
164	171	53
164	200	8
164	202	55
164	216	36
164	235	40
164	267	15
164	296	75
164	298	55
164	302	88
164	320	1
164	438	10
164	479	83
164	513	43
164	523	66
164	533	94
164	570	29
164	694	51
164	699	1
165	292	45
165	308	60
165	392	86
165	439	71
165	465	75
165	467	80
165	500	84
165	525	15
165	591	86
165	601	52
165	602	85
165	608	26
165	643	87
166	215	31
166	243	12
166	336	45
166	507	64
166	522	32
166	562	60
166	572	38
166	574	66
166	645	80
167	195	40
167	224	21
167	261	40
167	292	54
167	314	44
167	357	47
167	363	90
167	366	5
167	374	3
167	412	75
167	431	78
168	304	88
168	365	14
169	439	39
169	470	57
169	696	31
170	205	53
170	233	33
170	337	8
170	416	4
170	447	44
170	530	58
170	670	51
171	630	47
172	324	82
172	397	45
172	472	70
173	209	11
173	270	24
173	319	80
173	443	29
173	466	27
173	688	90
174	290	16
174	319	82
174	456	37
174	517	8
174	549	35
175	219	84
175	475	38
175	535	47
175	549	53
176	247	54
176	317	0
176	425	34
176	576	33
177	215	65
177	432	0
177	456	29
178	187	87
178	201	49
178	273	9
178	319	16
178	388	23
178	439	35
178	622	87
179	240	11
179	327	39
179	376	96
179	382	34
180	188	85
180	347	5
181	307	97
181	352	85
182	203	53
182	223	33
182	232	66
182	241	99
182	259	63
182	273	51
182	285	24
182	335	95
182	401	93
182	420	36
182	484	86
182	514	89
182	532	5
182	677	14
183	284	81
183	660	19
184	212	20
184	213	73
184	337	41
184	444	89
184	491	66
185	354	60
186	260	36
189	361	10
189	514	31
190	301	31
190	479	40
190	629	35
191	400	78
191	424	91
191	645	23
192	217	39
192	426	63
192	434	74
193	214	18
193	216	62
193	245	34
193	281	58
193	295	50
193	355	98
193	373	32
193	484	29
193	653	57
193	693	60
194	197	90
194	288	51
194	312	74
194	387	89
194	504	20
195	269	75
195	282	52
195	292	5
195	432	48
195	539	30
195	673	46
196	246	7
196	343	23
196	361	16
196	456	80
196	459	33
196	661	37
197	311	83
197	477	25
197	513	31
197	626	96
197	648	51
198	199	7
198	249	99
198	254	61
198	318	99
198	345	5
198	405	53
198	451	83
198	681	30
199	234	2
199	244	2
199	314	94
199	405	33
199	406	2
199	504	5
199	555	31
199	686	48
200	226	97
200	258	84
200	296	82
200	472	16
200	515	100
200	523	10
200	556	12
200	557	7
200	564	34
200	581	75
200	687	64
201	253	18
201	278	62
201	298	47
201	305	24
201	547	49
201	632	32
202	235	4
202	267	2
202	338	56
202	367	55
202	423	26
202	579	56
202	594	35
202	596	1
202	613	84
202	656	48
203	259	93
203	298	93
203	353	97
203	405	67
203	435	42
203	536	14
203	613	96
205	349	81
205	454	94
205	634	6
206	458	33
207	329	67
207	444	16
207	496	25
207	522	3
207	675	67
208	537	12
209	245	98
209	313	76
210	356	97
211	348	17
211	352	10
211	381	62
212	237	19
213	274	92
213	329	15
213	452	97
213	631	11
213	646	57
213	668	19
214	319	11
214	403	54
214	524	14
214	605	9
215	293	40
215	507	78
215	560	61
215	593	1
216	229	27
216	295	73
216	336	22
216	649	32
217	224	3
217	347	19
217	396	77
217	450	35
219	306	37
219	420	72
219	583	43
219	644	79
220	225	45
220	511	11
221	381	12
221	422	96
221	601	91
222	316	49
222	362	12
222	458	83
222	546	90
223	449	41
224	227	5
224	287	52
224	292	7
224	363	48
224	373	0
224	411	82
224	414	87
224	539	8
225	239	20
225	325	3
225	388	52
225	432	36
225	455	86
225	539	90
226	227	35
226	379	92
226	691	65
226	694	40
227	379	10
227	433	41
227	469	23
227	595	70
227	614	72
228	234	86
228	342	87
228	453	88
228	572	2
228	630	55
229	243	27
229	281	7
229	502	99
229	570	51
229	657	81
230	282	41
230	329	71
230	348	61
230	395	7
230	461	68
230	501	11
230	658	15
231	264	28
231	291	24
231	376	73
231	426	85
231	473	95
233	331	69
233	360	57
233	364	13
233	405	78
233	424	13
233	507	100
234	353	21
234	449	92
234	512	93
234	533	13
234	554	55
234	582	17
234	600	23
235	267	95
235	334	12
235	346	39
235	367	2
235	489	32
235	626	22
236	275	57
236	287	26
236	327	19
237	544	78
237	568	47
238	272	84
238	455	61
239	370	2
239	381	33
239	599	53
240	333	66
241	256	20
241	259	72
241	285	65
241	448	19
241	490	5
241	672	91
242	499	47
242	594	59
243	317	37
243	502	56
243	535	76
243	660	70
244	268	72
244	272	0
244	289	97
244	437	68
244	565	82
244	608	24
244	639	100
245	295	22
245	332	8
245	346	38
245	452	29
245	636	80
246	270	50
246	446	82
246	541	82
246	685	89
247	300	97
247	546	19
248	486	86
248	567	3
249	303	3
249	451	32
249	511	97
250	293	64
250	301	90
250	354	47
250	356	78
251	467	63
251	512	45
252	315	98
253	309	15
257	262	13
257	347	78
257	476	16
257	548	57
257	573	72
259	399	53
259	452	25
259	621	76
260	372	35
260	599	0
261	375	96
261	486	20
262	572	90
262	655	83
262	681	67
264	312	59
264	430	48
264	442	73
264	494	63
264	516	56
264	543	72
265	279	99
266	538	51
267	567	33
268	342	28
268	378	63
268	515	3
268	682	42
268	689	91
269	683	41
269	698	30
270	355	90
270	577	33
270	584	35
271	289	21
271	377	91
271	381	16
271	422	56
271	452	9
271	566	86
271	639	47
272	455	86
272	478	33
272	497	82
272	604	19
272	631	66
273	430	59
274	612	24
275	526	71
276	325	35
276	421	64
276	427	40
276	453	15
276	673	55
278	393	29
278	488	42
279	357	55
279	382	3
279	643	44
281	614	55
283	323	33
283	461	45
283	517	45
285	313	22
285	498	81
285	516	46
285	558	76
286	509	89
286	524	87
287	666	49
288	350	31
288	407	9
288	447	80
288	504	31
288	584	89
288	622	90
288	643	2
288	666	23
289	296	52
289	445	31
289	451	91
289	492	48
290	323	74
290	330	8
290	369	39
290	377	93
290	500	32
290	612	53
290	618	100
290	625	13
290	667	14
291	295	73
291	337	84
291	341	43
291	376	88
291	389	17
291	443	85
291	496	99
291	543	8
292	308	98
292	374	32
292	392	19
292	437	90
292	445	41
292	500	74
292	598	22
292	608	100
292	657	55
293	301	33
293	378	63
293	416	57
293	445	76
293	462	22
293	570	29
293	593	55
294	368	99
294	395	90
295	569	39
295	621	3
295	649	100
296	297	76
296	310	48
296	339	5
296	419	25
296	448	72
296	504	47
296	536	9
296	674	78
298	313	5
298	394	4
298	466	77
298	547	80
298	654	77
299	417	81
299	666	41
300	321	10
300	642	0
301	392	9
302	365	11
302	663	9
302	689	85
303	404	26
303	641	74
304	404	63
306	342	14
306	376	60
306	472	18
307	449	80
307	534	19
308	416	87
308	445	51
308	490	51
308	508	75
310	585	68
311	470	69
311	477	60
311	598	95
311	699	61
312	543	94
313	695	19
314	578	75
316	546	21
316	668	0
317	335	76
317	614	64
318	418	53
318	423	71
318	654	18
319	348	9
319	413	23
319	447	97
320	380	44
320	419	39
320	474	60
320	503	6
320	531	53
320	558	28
320	606	47
320	632	98
320	633	92
320	662	29
322	362	35
322	518	12
323	369	48
323	611	97
324	397	58
324	637	77
325	529	22
325	673	3
326	698	33
327	382	77
328	375	0
328	398	20
328	515	95
328	535	25
328	545	21
328	603	70
329	444	14
330	417	22
330	551	85
330	561	100
330	665	40
331	564	0
333	383	38
333	420	3
333	573	35
333	592	89
334	610	41
334	672	46
335	463	62
336	649	45
337	496	65
337	661	93
339	383	40
339	624	14
340	633	76
340	671	28
341	536	77
341	684	64
342	358	33
342	368	36
342	480	49
342	605	4
343	471	2
343	562	50
344	422	45
345	694	42
346	452	90
346	489	10
348	548	51
348	569	90
349	398	15
349	542	92
349	635	59
351	420	86
352	389	97
352	457	37
352	518	11
352	692	99
353	394	64
354	367	43
354	534	97
354	633	61
356	395	99
356	541	18
356	649	48
359	494	23
359	632	100
362	506	88
364	444	78
364	551	14
364	597	9
365	384	88
365	386	23
365	406	70
365	448	62
365	530	50
365	548	2
365	664	57
366	373	27
366	399	89
366	552	63
366	567	56
366	575	59
368	499	94
368	579	75
372	650	77
372	653	65
373	389	35
374	556	10
375	385	7
375	403	55
376	491	84
376	527	12
376	617	41
378	487	40
378	488	83
378	526	98
378	676	46
379	418	49
380	454	36
380	558	93
381	629	60
385	428	9
385	462	23
385	557	43
385	619	70
385	687	28
387	438	75
387	626	31
390	400	61
390	440	6
390	475	51
390	541	12
391	457	57
391	582	100
392	591	94
393	534	8
393	572	37
393	604	88
394	429	17
394	480	93
394	639	15
394	695	37
395	676	43
396	425	3
397	656	23
399	410	43
399	552	6
399	624	22
400	699	31
401	638	14
402	413	30
402	437	97
403	678	19
404	415	81
404	434	16
404	446	41
404	662	13
405	555	4
406	418	54
406	475	54
407	480	84
408	443	14
411	644	21
411	684	6
412	620	27
413	522	13
414	513	25
416	513	19
416	519	26
416	527	84
417	525	86
417	533	20
417	553	54
417	646	22
417	658	23
417	679	6
419	427	51
420	459	6
421	427	100
422	470	77
422	557	36
423	654	46
424	628	29
424	645	12
427	483	26
427	590	36
429	449	28
429	480	60
429	642	12
432	440	32
432	442	17
432	453	93
432	583	0
432	602	66
432	639	84
435	536	71
435	683	92
436	468	59
436	517	44
436	656	48
437	506	1
437	522	15
437	670	82
438	614	77
439	696	72
444	551	31
447	611	1
449	615	47
450	588	59
451	458	18
451	634	20
452	459	46
452	520	3
452	631	75
452	686	40
452	693	81
453	587	23
453	602	74
454	554	50
454	577	55
455	532	52
455	565	22
456	661	81
458	577	73
458	675	56
459	531	38
459	640	79
461	580	0
461	619	20
462	463	12
462	584	77
462	604	79
464	473	54
464	481	25
464	579	14
464	592	5
465	536	89
466	506	16
468	645	16
468	656	18
471	566	50
471	686	53
473	481	100
473	588	75
474	476	43
474	494	13
476	498	49
477	551	84
477	593	1
477	661	79
481	554	5
481	652	16
482	595	57
483	488	68
483	510	8
483	545	11
483	552	23
483	590	78
483	649	84
487	581	9
487	665	79
488	521	94
490	554	99
490	580	78
491	690	42
492	531	25
492	613	8
495	542	3
495	545	10
495	587	57
498	527	3
498	616	23
498	690	35
499	594	68
499	625	22
501	574	100
501	665	33
506	598	34
506	670	60
507	617	98
509	647	89
510	520	26
510	586	9
512	533	26
512	559	84
513	519	8
514	602	25
515	545	34
516	543	36
516	595	98
516	641	78
516	682	15
517	573	23
517	578	98
519	659	27
521	540	64
521	644	60
522	562	74
523	633	76
524	597	34
524	683	64
524	698	51
527	586	6
527	675	57
528	571	35
531	660	18
533	618	47
537	575	90
537	672	69
542	592	68
543	595	7
544	546	99
547	616	23
551	597	99
552	634	99
553	644	7
556	600	48
556	635	23
559	627	90
559	658	34
561	574	38
562	635	7
564	637	43
564	667	28
567	647	68
571	602	61
574	651	43
581	588	22
581	614	59
581	692	37
582	663	49
583	620	60
584	609	50
585	648	36
591	678	2
593	695	19
594	638	48
595	641	100
596	669	45
600	639	93
606	652	51
608	643	82
608	684	12
609	642	20
611	636	33
611	675	99
612	618	27
614	693	46
617	698	78
623	650	76
623	684	58
628	650	38
631	647	26
633	662	43
633	671	5
641	682	78
642	651	41
645	685	6
648	678	61
655	664	88
659	677	38
663	698	26
680	695	52
